time,load_shortfall_3h
01/01/2018 00:00,0
01/01/2018 03:00,1
01/01/2018 06:00,2
01/01/2018 09:00,3
01/01/2018 12:00,4
01/01/2018 15:00,5
01/01/2018 18:00,6
01/01/2018 21:00,7
02/01/2018 00:00,8
02/01/2018 03:00,9
02/01/2018 06:00,10
02/01/2018 09:00,11
02/01/2018 12:00,12
02/01/2018 15:00,13
02/01/2018 18:00,14
02/01/2018 21:00,15
03/01/2018 00:00,16
03/01/2018 03:00,17
03/01/2018 06:00,18
03/01/2018 09:00,19
03/01/2018 12:00,20
03/01/2018 15:00,21
03/01/2018 18:00,22
03/01/2018 21:00,23
04/01/2018 00:00,24
04/01/2018 03:00,25
04/01/2018 06:00,26
04/01/2018 09:00,27
04/01/2018 12:00,28
04/01/2018 15:00,29
04/01/2018 18:00,30
04/01/2018 21:00,31
05/01/2018 00:00,32
05/01/2018 03:00,33
05/01/2018 06:00,34
05/01/2018 09:00,35
05/01/2018 12:00,36
05/01/2018 15:00,37
05/01/2018 18:00,38
05/01/2018 21:00,39
06/01/2018 00:00,40
06/01/2018 03:00,41
06/01/2018 06:00,42
06/01/2018 09:00,43
06/01/2018 12:00,44
06/01/2018 15:00,45
06/01/2018 18:00,46
06/01/2018 21:00,47
07/01/2018 00:00,48
07/01/2018 03:00,49
07/01/2018 06:00,50
07/01/2018 09:00,51
07/01/2018 12:00,52
07/01/2018 15:00,53
07/01/2018 18:00,54
07/01/2018 21:00,55
08/01/2018 00:00,56
08/01/2018 03:00,57
08/01/2018 06:00,58
08/01/2018 09:00,59
08/01/2018 12:00,60
08/01/2018 15:00,61
08/01/2018 18:00,62
08/01/2018 21:00,63
09/01/2018 00:00,64
09/01/2018 03:00,65
09/01/2018 06:00,66
09/01/2018 09:00,67
09/01/2018 12:00,68
09/01/2018 15:00,69
09/01/2018 18:00,70
09/01/2018 21:00,71
10/01/2018 00:00,72
10/01/2018 03:00,73
10/01/2018 06:00,74
10/01/2018 09:00,75
10/01/2018 12:00,76
10/01/2018 15:00,77
10/01/2018 18:00,78
10/01/2018 21:00,79
11/01/2018 00:00,80
11/01/2018 03:00,81
11/01/2018 06:00,82
11/01/2018 09:00,83
11/01/2018 12:00,84
11/01/2018 15:00,85
11/01/2018 18:00,86
11/01/2018 21:00,87
12/01/2018 00:00,88
12/01/2018 03:00,89
12/01/2018 06:00,90
12/01/2018 09:00,91
12/01/2018 12:00,92
12/01/2018 15:00,93
12/01/2018 18:00,94
12/01/2018 21:00,95
13/01/2018 00:00,96
13/01/2018 03:00,97
13/01/2018 06:00,98
13/01/2018 09:00,99
13/01/2018 12:00,100
13/01/2018 15:00,101
13/01/2018 18:00,102
13/01/2018 21:00,103
14/01/2018 00:00,104
14/01/2018 03:00,105
14/01/2018 06:00,106
14/01/2018 09:00,107
14/01/2018 12:00,108
14/01/2018 15:00,109
14/01/2018 18:00,110
14/01/2018 21:00,111
15/01/2018 00:00,112
15/01/2018 03:00,113
15/01/2018 06:00,114
15/01/2018 09:00,115
15/01/2018 12:00,116
15/01/2018 15:00,117
15/01/2018 18:00,118
15/01/2018 21:00,119
16/01/2018 00:00,120
16/01/2018 03:00,121
16/01/2018 06:00,122
16/01/2018 09:00,123
16/01/2018 12:00,124
16/01/2018 15:00,125
16/01/2018 18:00,126
16/01/2018 21:00,127
17/01/2018 00:00,128
17/01/2018 03:00,129
17/01/2018 06:00,130
17/01/2018 09:00,131
17/01/2018 12:00,132
17/01/2018 15:00,133
17/01/2018 18:00,134
17/01/2018 21:00,135
18/01/2018 00:00,136
18/01/2018 03:00,137
18/01/2018 06:00,138
18/01/2018 09:00,139
18/01/2018 12:00,140
18/01/2018 15:00,141
18/01/2018 18:00,142
18/01/2018 21:00,143
19/01/2018 00:00,144
19/01/2018 03:00,145
19/01/2018 06:00,146
19/01/2018 09:00,147
19/01/2018 12:00,148
19/01/2018 15:00,149
19/01/2018 18:00,150
19/01/2018 21:00,151
20/01/2018 00:00,152
20/01/2018 03:00,153
20/01/2018 06:00,154
20/01/2018 09:00,155
20/01/2018 12:00,156
20/01/2018 15:00,157
20/01/2018 18:00,158
20/01/2018 21:00,159
21/01/2018 00:00,160
21/01/2018 03:00,161
21/01/2018 06:00,162
21/01/2018 09:00,163
21/01/2018 12:00,164
21/01/2018 15:00,165
21/01/2018 18:00,166
21/01/2018 21:00,167
22/01/2018 00:00,168
22/01/2018 03:00,169
22/01/2018 06:00,170
22/01/2018 09:00,171
22/01/2018 12:00,172
22/01/2018 15:00,173
22/01/2018 18:00,174
22/01/2018 21:00,175
23/01/2018 00:00,176
23/01/2018 03:00,177
23/01/2018 06:00,178
23/01/2018 09:00,179
23/01/2018 12:00,180
23/01/2018 15:00,181
23/01/2018 18:00,182
23/01/2018 21:00,183
24/01/2018 00:00,184
24/01/2018 03:00,185
24/01/2018 06:00,186
24/01/2018 09:00,187
24/01/2018 12:00,188
24/01/2018 15:00,189
24/01/2018 18:00,190
24/01/2018 21:00,191
25/01/2018 00:00,192
25/01/2018 03:00,193
25/01/2018 06:00,194
25/01/2018 09:00,195
25/01/2018 12:00,196
25/01/2018 15:00,197
25/01/2018 18:00,198
25/01/2018 21:00,199
26/01/2018 00:00,200
26/01/2018 03:00,201
26/01/2018 06:00,202
26/01/2018 09:00,203
26/01/2018 12:00,204
26/01/2018 15:00,205
26/01/2018 18:00,206
26/01/2018 21:00,207
27/01/2018 00:00,208
27/01/2018 03:00,209
27/01/2018 06:00,210
27/01/2018 09:00,211
27/01/2018 12:00,212
27/01/2018 15:00,213
27/01/2018 18:00,214
27/01/2018 21:00,215
28/01/2018 00:00,216
28/01/2018 03:00,217
28/01/2018 06:00,218
28/01/2018 09:00,219
28/01/2018 12:00,220
28/01/2018 15:00,221
28/01/2018 18:00,222
28/01/2018 21:00,223
29/01/2018 00:00,224
29/01/2018 03:00,225
29/01/2018 06:00,226
29/01/2018 09:00,227
29/01/2018 12:00,228
29/01/2018 15:00,229
29/01/2018 18:00,230
29/01/2018 21:00,231
30/01/2018 00:00,232
30/01/2018 03:00,233
30/01/2018 06:00,234
30/01/2018 09:00,235
30/01/2018 12:00,236
30/01/2018 15:00,237
30/01/2018 18:00,238
30/01/2018 21:00,239
31/01/2018 00:00,240
31/01/2018 03:00,241
31/01/2018 06:00,242
31/01/2018 09:00,243
31/01/2018 12:00,244
31/01/2018 15:00,245
31/01/2018 18:00,246
31/01/2018 21:00,247
01/02/2018 00:00,248
01/02/2018 03:00,249
01/02/2018 06:00,250
01/02/2018 09:00,251
01/02/2018 12:00,252
01/02/2018 15:00,253
01/02/2018 18:00,254
01/02/2018 21:00,255
02/02/2018 00:00,256
02/02/2018 03:00,257
02/02/2018 06:00,258
02/02/2018 09:00,259
02/02/2018 12:00,260
02/02/2018 15:00,261
02/02/2018 18:00,262
02/02/2018 21:00,263
03/02/2018 00:00,264
03/02/2018 03:00,265
03/02/2018 06:00,266
03/02/2018 09:00,267
03/02/2018 12:00,268
03/02/2018 15:00,269
03/02/2018 18:00,270
03/02/2018 21:00,271
04/02/2018 00:00,272
04/02/2018 03:00,273
04/02/2018 06:00,274
04/02/2018 09:00,275
04/02/2018 12:00,276
04/02/2018 15:00,277
04/02/2018 18:00,278
04/02/2018 21:00,279
05/02/2018 00:00,280
05/02/2018 03:00,281
05/02/2018 06:00,282
05/02/2018 09:00,283
05/02/2018 12:00,284
05/02/2018 15:00,285
05/02/2018 18:00,286
05/02/2018 21:00,287
06/02/2018 00:00,288
06/02/2018 03:00,289
06/02/2018 06:00,290
06/02/2018 09:00,291
06/02/2018 12:00,292
06/02/2018 15:00,293
06/02/2018 18:00,294
06/02/2018 21:00,295
07/02/2018 00:00,296
07/02/2018 03:00,297
07/02/2018 06:00,298
07/02/2018 09:00,299
07/02/2018 12:00,300
07/02/2018 15:00,301
07/02/2018 18:00,302
07/02/2018 21:00,303
08/02/2018 00:00,304
08/02/2018 03:00,305
08/02/2018 06:00,306
08/02/2018 09:00,307
08/02/2018 12:00,308
08/02/2018 15:00,309
08/02/2018 18:00,310
08/02/2018 21:00,311
09/02/2018 00:00,312
09/02/2018 03:00,313
09/02/2018 06:00,314
09/02/2018 09:00,315
09/02/2018 12:00,316
09/02/2018 15:00,317
09/02/2018 18:00,318
09/02/2018 21:00,319
10/02/2018 00:00,320
10/02/2018 03:00,321
10/02/2018 06:00,322
10/02/2018 09:00,323
10/02/2018 12:00,324
10/02/2018 15:00,325
10/02/2018 18:00,326
10/02/2018 21:00,327
11/02/2018 00:00,328
11/02/2018 03:00,329
11/02/2018 06:00,330
11/02/2018 09:00,331
11/02/2018 12:00,332
11/02/2018 15:00,333
11/02/2018 18:00,334
11/02/2018 21:00,335
12/02/2018 00:00,336
12/02/2018 03:00,337
12/02/2018 06:00,338
12/02/2018 09:00,339
12/02/2018 12:00,340
12/02/2018 15:00,341
12/02/2018 18:00,342
12/02/2018 21:00,343
13/02/2018 00:00,344
13/02/2018 03:00,345
13/02/2018 06:00,346
13/02/2018 09:00,347
13/02/2018 12:00,348
13/02/2018 15:00,349
13/02/2018 18:00,350
13/02/2018 21:00,351
14/02/2018 00:00,352
14/02/2018 03:00,353
14/02/2018 06:00,354
14/02/2018 09:00,355
14/02/2018 12:00,356
14/02/2018 15:00,357
14/02/2018 18:00,358
14/02/2018 21:00,359
15/02/2018 00:00,360
15/02/2018 03:00,361
15/02/2018 06:00,362
15/02/2018 09:00,363
15/02/2018 12:00,364
15/02/2018 15:00,365
15/02/2018 18:00,366
15/02/2018 21:00,367
16/02/2018 00:00,368
16/02/2018 03:00,369
16/02/2018 06:00,370
16/02/2018 09:00,371
16/02/2018 12:00,372
16/02/2018 15:00,373
16/02/2018 18:00,374
16/02/2018 21:00,375
17/02/2018 00:00,376
17/02/2018 03:00,377
17/02/2018 06:00,378
17/02/2018 09:00,379
17/02/2018 12:00,380
17/02/2018 15:00,381
17/02/2018 18:00,382
17/02/2018 21:00,383
18/02/2018 00:00,384
18/02/2018 03:00,385
18/02/2018 06:00,386
18/02/2018 09:00,387
18/02/2018 12:00,388
18/02/2018 15:00,389
18/02/2018 18:00,390
18/02/2018 21:00,391
19/02/2018 00:00,392
19/02/2018 03:00,393
19/02/2018 06:00,394
19/02/2018 09:00,395
19/02/2018 12:00,396
19/02/2018 15:00,397
19/02/2018 18:00,398
19/02/2018 21:00,399
20/02/2018 00:00,400
20/02/2018 03:00,401
20/02/2018 06:00,402
20/02/2018 09:00,403
20/02/2018 12:00,404
20/02/2018 15:00,405
20/02/2018 18:00,406
20/02/2018 21:00,407
21/02/2018 00:00,408
21/02/2018 03:00,409
21/02/2018 06:00,410
21/02/2018 09:00,411
21/02/2018 12:00,412
21/02/2018 15:00,413
21/02/2018 18:00,414
21/02/2018 21:00,415
22/02/2018 00:00,416
22/02/2018 03:00,417
22/02/2018 06:00,418
22/02/2018 09:00,419
22/02/2018 12:00,420
22/02/2018 15:00,421
22/02/2018 18:00,422
22/02/2018 21:00,423
23/02/2018 00:00,424
23/02/2018 03:00,425
23/02/2018 06:00,426
23/02/2018 09:00,427
23/02/2018 12:00,428
23/02/2018 15:00,429
23/02/2018 18:00,430
23/02/2018 21:00,431
24/02/2018 00:00,432
24/02/2018 03:00,433
24/02/2018 06:00,434
24/02/2018 09:00,435
24/02/2018 12:00,436
24/02/2018 15:00,437
24/02/2018 18:00,438
24/02/2018 21:00,439
25/02/2018 00:00,440
25/02/2018 03:00,441
25/02/2018 06:00,442
25/02/2018 09:00,443
25/02/2018 12:00,444
25/02/2018 15:00,445
25/02/2018 18:00,446
25/02/2018 21:00,447
26/02/2018 00:00,448
26/02/2018 03:00,449
26/02/2018 06:00,450
26/02/2018 09:00,451
26/02/2018 12:00,452
26/02/2018 15:00,453
26/02/2018 18:00,454
26/02/2018 21:00,455
27/02/2018 00:00,456
27/02/2018 03:00,457
27/02/2018 06:00,458
27/02/2018 09:00,459
27/02/2018 12:00,460
27/02/2018 15:00,461
27/02/2018 18:00,462
27/02/2018 21:00,463
28/02/2018 00:00,464
28/02/2018 03:00,465
28/02/2018 06:00,466
28/02/2018 09:00,467
28/02/2018 12:00,468
28/02/2018 15:00,469
28/02/2018 18:00,470
28/02/2018 21:00,471
01/03/2018 00:00,472
01/03/2018 03:00,473
01/03/2018 06:00,474
01/03/2018 09:00,475
01/03/2018 12:00,476
01/03/2018 15:00,477
01/03/2018 18:00,478
01/03/2018 21:00,479
02/03/2018 00:00,480
02/03/2018 03:00,481
02/03/2018 06:00,482
02/03/2018 09:00,483
02/03/2018 12:00,484
02/03/2018 15:00,485
02/03/2018 18:00,486
02/03/2018 21:00,487
03/03/2018 00:00,488
03/03/2018 03:00,489
03/03/2018 06:00,490
03/03/2018 09:00,491
03/03/2018 12:00,492
03/03/2018 15:00,493
03/03/2018 18:00,494
03/03/2018 21:00,495
04/03/2018 00:00,496
04/03/2018 03:00,497
04/03/2018 06:00,498
04/03/2018 09:00,499
04/03/2018 12:00,500
04/03/2018 15:00,501
04/03/2018 18:00,502
04/03/2018 21:00,503
05/03/2018 00:00,504
05/03/2018 03:00,505
05/03/2018 06:00,506
05/03/2018 09:00,507
05/03/2018 12:00,508
05/03/2018 15:00,509
05/03/2018 18:00,510
05/03/2018 21:00,511
06/03/2018 00:00,512
06/03/2018 03:00,513
06/03/2018 06:00,514
06/03/2018 09:00,515
06/03/2018 12:00,516
06/03/2018 15:00,517
06/03/2018 18:00,518
06/03/2018 21:00,519
07/03/2018 00:00,520
07/03/2018 03:00,521
07/03/2018 06:00,522
07/03/2018 09:00,523
07/03/2018 12:00,524
07/03/2018 15:00,525
07/03/2018 18:00,526
07/03/2018 21:00,527
08/03/2018 00:00,528
08/03/2018 03:00,529
08/03/2018 06:00,530
08/03/2018 09:00,531
08/03/2018 12:00,532
08/03/2018 15:00,533
08/03/2018 18:00,534
08/03/2018 21:00,535
09/03/2018 00:00,536
09/03/2018 03:00,537
09/03/2018 06:00,538
09/03/2018 09:00,539
09/03/2018 12:00,540
09/03/2018 15:00,541
09/03/2018 18:00,542
09/03/2018 21:00,543
10/03/2018 00:00,544
10/03/2018 03:00,545
10/03/2018 06:00,546
10/03/2018 09:00,547
10/03/2018 12:00,548
10/03/2018 15:00,549
10/03/2018 18:00,550
10/03/2018 21:00,551
11/03/2018 00:00,552
11/03/2018 03:00,553
11/03/2018 06:00,554
11/03/2018 09:00,555
11/03/2018 12:00,556
11/03/2018 15:00,557
11/03/2018 18:00,558
11/03/2018 21:00,559
12/03/2018 00:00,560
12/03/2018 03:00,561
12/03/2018 06:00,562
12/03/2018 09:00,563
12/03/2018 12:00,564
12/03/2018 15:00,565
12/03/2018 18:00,566
12/03/2018 21:00,567
13/03/2018 00:00,568
13/03/2018 03:00,569
13/03/2018 06:00,570
13/03/2018 09:00,571
13/03/2018 12:00,572
13/03/2018 15:00,573
13/03/2018 18:00,574
13/03/2018 21:00,575
14/03/2018 00:00,576
14/03/2018 03:00,577
14/03/2018 06:00,578
14/03/2018 09:00,579
14/03/2018 12:00,580
14/03/2018 15:00,581
14/03/2018 18:00,582
14/03/2018 21:00,583
15/03/2018 00:00,584
15/03/2018 03:00,585
15/03/2018 06:00,586
15/03/2018 09:00,587
15/03/2018 12:00,588
15/03/2018 15:00,589
15/03/2018 18:00,590
15/03/2018 21:00,591
16/03/2018 00:00,592
16/03/2018 03:00,593
16/03/2018 06:00,594
16/03/2018 09:00,595
16/03/2018 12:00,596
16/03/2018 15:00,597
16/03/2018 18:00,598
16/03/2018 21:00,599
17/03/2018 00:00,600
17/03/2018 03:00,601
17/03/2018 06:00,602
17/03/2018 09:00,603
17/03/2018 12:00,604
17/03/2018 15:00,605
17/03/2018 18:00,606
17/03/2018 21:00,607
18/03/2018 00:00,608
18/03/2018 03:00,609
18/03/2018 06:00,610
18/03/2018 09:00,611
18/03/2018 12:00,612
18/03/2018 15:00,613
18/03/2018 18:00,614
18/03/2018 21:00,615
19/03/2018 00:00,616
19/03/2018 03:00,617
19/03/2018 06:00,618
19/03/2018 09:00,619
19/03/2018 12:00,620
19/03/2018 15:00,621
19/03/2018 18:00,622
19/03/2018 21:00,623
20/03/2018 00:00,624
20/03/2018 03:00,625
20/03/2018 06:00,626
20/03/2018 09:00,627
20/03/2018 12:00,628
20/03/2018 15:00,629
20/03/2018 18:00,630
20/03/2018 21:00,631
21/03/2018 00:00,632
21/03/2018 03:00,633
21/03/2018 06:00,634
21/03/2018 09:00,635
21/03/2018 12:00,636
21/03/2018 15:00,637
21/03/2018 18:00,638
21/03/2018 21:00,639
22/03/2018 00:00,640
22/03/2018 03:00,641
22/03/2018 06:00,642
22/03/2018 09:00,643
22/03/2018 12:00,644
22/03/2018 15:00,645
22/03/2018 18:00,646
22/03/2018 21:00,647
23/03/2018 00:00,648
23/03/2018 03:00,649
23/03/2018 06:00,650
23/03/2018 09:00,651
23/03/2018 12:00,652
23/03/2018 15:00,653
23/03/2018 18:00,654
23/03/2018 21:00,655
24/03/2018 00:00,656
24/03/2018 03:00,657
24/03/2018 06:00,658
24/03/2018 09:00,659
24/03/2018 12:00,660
24/03/2018 15:00,661
24/03/2018 18:00,662
24/03/2018 21:00,663
25/03/2018 00:00,664
25/03/2018 03:00,665
25/03/2018 06:00,666
25/03/2018 09:00,667
25/03/2018 12:00,668
25/03/2018 15:00,669
25/03/2018 18:00,670
25/03/2018 21:00,671
26/03/2018 00:00,672
26/03/2018 03:00,673
26/03/2018 06:00,674
26/03/2018 09:00,675
26/03/2018 12:00,676
26/03/2018 15:00,677
26/03/2018 18:00,678
26/03/2018 21:00,679
27/03/2018 00:00,680
27/03/2018 03:00,681
27/03/2018 06:00,682
27/03/2018 09:00,683
27/03/2018 12:00,684
27/03/2018 15:00,685
27/03/2018 18:00,686
27/03/2018 21:00,687
28/03/2018 00:00,688
28/03/2018 03:00,689
28/03/2018 06:00,690
28/03/2018 09:00,691
28/03/2018 12:00,692
28/03/2018 15:00,693
28/03/2018 18:00,694
28/03/2018 21:00,695
29/03/2018 00:00,696
29/03/2018 03:00,697
29/03/2018 06:00,698
29/03/2018 09:00,699
29/03/2018 12:00,700
29/03/2018 15:00,701
29/03/2018 18:00,702
29/03/2018 21:00,703
30/03/2018 00:00,704
30/03/2018 03:00,705
30/03/2018 06:00,706
30/03/2018 09:00,707
30/03/2018 12:00,708
30/03/2018 15:00,709
30/03/2018 18:00,710
30/03/2018 21:00,711
31/03/2018 00:00,712
31/03/2018 03:00,713
31/03/2018 06:00,714
31/03/2018 09:00,715
31/03/2018 12:00,716
31/03/2018 15:00,717
31/03/2018 18:00,718
31/03/2018 21:00,719
01/04/2018 00:00,720
01/04/2018 03:00,721
01/04/2018 06:00,722
01/04/2018 09:00,723
01/04/2018 12:00,724
01/04/2018 15:00,725
01/04/2018 18:00,726
01/04/2018 21:00,727
02/04/2018 00:00,728
02/04/2018 03:00,729
02/04/2018 06:00,730
02/04/2018 09:00,731
02/04/2018 12:00,732
02/04/2018 15:00,733
02/04/2018 18:00,734
02/04/2018 21:00,735
03/04/2018 00:00,736
03/04/2018 03:00,737
03/04/2018 06:00,738
03/04/2018 09:00,739
03/04/2018 12:00,740
03/04/2018 15:00,741
03/04/2018 18:00,742
03/04/2018 21:00,743
04/04/2018 00:00,744
04/04/2018 03:00,745
04/04/2018 06:00,746
04/04/2018 09:00,747
04/04/2018 12:00,748
04/04/2018 15:00,749
04/04/2018 18:00,750
04/04/2018 21:00,751
05/04/2018 00:00,752
05/04/2018 03:00,753
05/04/2018 06:00,754
05/04/2018 09:00,755
05/04/2018 12:00,756
05/04/2018 15:00,757
05/04/2018 18:00,758
05/04/2018 21:00,759
06/04/2018 00:00,760
06/04/2018 03:00,761
06/04/2018 06:00,762
06/04/2018 09:00,763
06/04/2018 12:00,764
06/04/2018 15:00,765
06/04/2018 18:00,766
06/04/2018 21:00,767
07/04/2018 00:00,768
07/04/2018 03:00,769
07/04/2018 06:00,770
07/04/2018 09:00,771
07/04/2018 12:00,772
07/04/2018 15:00,773
07/04/2018 18:00,774
07/04/2018 21:00,775
08/04/2018 00:00,776
08/04/2018 03:00,777
08/04/2018 06:00,778
08/04/2018 09:00,779
08/04/2018 12:00,780
08/04/2018 15:00,781
08/04/2018 18:00,782
08/04/2018 21:00,783
09/04/2018 00:00,784
09/04/2018 03:00,785
09/04/2018 06:00,786
09/04/2018 09:00,787
09/04/2018 12:00,788
09/04/2018 15:00,789
09/04/2018 18:00,790
09/04/2018 21:00,791
10/04/2018 00:00,792
10/04/2018 03:00,793
10/04/2018 06:00,794
10/04/2018 09:00,795
10/04/2018 12:00,796
10/04/2018 15:00,797
10/04/2018 18:00,798
10/04/2018 21:00,799
11/04/2018 00:00,800
11/04/2018 03:00,801
11/04/2018 06:00,802
11/04/2018 09:00,803
11/04/2018 12:00,804
11/04/2018 15:00,805
11/04/2018 18:00,806
11/04/2018 21:00,807
12/04/2018 00:00,808
12/04/2018 03:00,809
12/04/2018 06:00,810
12/04/2018 09:00,811
12/04/2018 12:00,812
12/04/2018 15:00,813
12/04/2018 18:00,814
12/04/2018 21:00,815
13/04/2018 00:00,816
13/04/2018 03:00,817
13/04/2018 06:00,818
13/04/2018 09:00,819
13/04/2018 12:00,820
13/04/2018 15:00,821
13/04/2018 18:00,822
13/04/2018 21:00,823
14/04/2018 00:00,824
14/04/2018 03:00,825
14/04/2018 06:00,826
14/04/2018 09:00,827
14/04/2018 12:00,828
14/04/2018 15:00,829
14/04/2018 18:00,830
14/04/2018 21:00,831
15/04/2018 00:00,832
15/04/2018 03:00,833
15/04/2018 06:00,834
15/04/2018 09:00,835
15/04/2018 12:00,836
15/04/2018 15:00,837
15/04/2018 18:00,838
15/04/2018 21:00,839
16/04/2018 00:00,840
16/04/2018 03:00,841
16/04/2018 06:00,842
16/04/2018 09:00,843
16/04/2018 12:00,844
16/04/2018 15:00,845
16/04/2018 18:00,846
16/04/2018 21:00,847
17/04/2018 00:00,848
17/04/2018 03:00,849
17/04/2018 06:00,850
17/04/2018 09:00,851
17/04/2018 12:00,852
17/04/2018 15:00,853
17/04/2018 18:00,854
17/04/2018 21:00,855
18/04/2018 00:00,856
18/04/2018 03:00,857
18/04/2018 06:00,858
18/04/2018 09:00,859
18/04/2018 12:00,860
18/04/2018 15:00,861
18/04/2018 18:00,862
18/04/2018 21:00,863
19/04/2018 00:00,864
19/04/2018 03:00,865
19/04/2018 06:00,866
19/04/2018 09:00,867
19/04/2018 12:00,868
19/04/2018 15:00,869
19/04/2018 18:00,870
19/04/2018 21:00,871
20/04/2018 00:00,872
20/04/2018 03:00,873
20/04/2018 06:00,874
20/04/2018 09:00,875
20/04/2018 12:00,876
20/04/2018 15:00,877
20/04/2018 18:00,878
20/04/2018 21:00,879
21/04/2018 00:00,880
21/04/2018 03:00,881
21/04/2018 06:00,882
21/04/2018 09:00,883
21/04/2018 12:00,884
21/04/2018 15:00,885
21/04/2018 18:00,886
21/04/2018 21:00,887
22/04/2018 00:00,888
22/04/2018 03:00,889
22/04/2018 06:00,890
22/04/2018 09:00,891
22/04/2018 12:00,892
22/04/2018 15:00,893
22/04/2018 18:00,894
22/04/2018 21:00,895
23/04/2018 00:00,896
23/04/2018 03:00,897
23/04/2018 06:00,898
23/04/2018 09:00,899
23/04/2018 12:00,900
23/04/2018 15:00,901
23/04/2018 18:00,902
23/04/2018 21:00,903
24/04/2018 00:00,904
24/04/2018 03:00,905
24/04/2018 06:00,906
24/04/2018 09:00,907
24/04/2018 12:00,908
24/04/2018 15:00,909
24/04/2018 18:00,910
24/04/2018 21:00,911
25/04/2018 00:00,912
25/04/2018 03:00,913
25/04/2018 06:00,914
25/04/2018 09:00,915
25/04/2018 12:00,916
25/04/2018 15:00,917
25/04/2018 18:00,918
25/04/2018 21:00,919
26/04/2018 00:00,920
26/04/2018 03:00,921
26/04/2018 06:00,922
26/04/2018 09:00,923
26/04/2018 12:00,924
26/04/2018 15:00,925
26/04/2018 18:00,926
26/04/2018 21:00,927
27/04/2018 00:00,928
27/04/2018 03:00,929
27/04/2018 06:00,930
27/04/2018 09:00,931
27/04/2018 12:00,932
27/04/2018 15:00,933
27/04/2018 18:00,934
27/04/2018 21:00,935
28/04/2018 00:00,936
28/04/2018 03:00,937
28/04/2018 06:00,938
28/04/2018 09:00,939
28/04/2018 12:00,940
28/04/2018 15:00,941
28/04/2018 18:00,942
28/04/2018 21:00,943
29/04/2018 00:00,944
29/04/2018 03:00,945
29/04/2018 06:00,946
29/04/2018 09:00,947
29/04/2018 12:00,948
29/04/2018 15:00,949
29/04/2018 18:00,950
29/04/2018 21:00,951
30/04/2018 00:00,952
30/04/2018 03:00,953
30/04/2018 06:00,954
30/04/2018 09:00,955
30/04/2018 12:00,956
30/04/2018 15:00,957
30/04/2018 18:00,958
30/04/2018 21:00,959
01/05/2018 00:00,960
01/05/2018 03:00,961
01/05/2018 06:00,962
01/05/2018 09:00,963
01/05/2018 12:00,964
01/05/2018 15:00,965
01/05/2018 18:00,966
01/05/2018 21:00,967
02/05/2018 00:00,968
02/05/2018 03:00,969
02/05/2018 06:00,970
02/05/2018 09:00,971
02/05/2018 12:00,972
02/05/2018 15:00,973
02/05/2018 18:00,974
02/05/2018 21:00,975
03/05/2018 00:00,976
03/05/2018 03:00,977
03/05/2018 06:00,978
03/05/2018 09:00,979
03/05/2018 12:00,980
03/05/2018 15:00,981
03/05/2018 18:00,982
03/05/2018 21:00,983
04/05/2018 00:00,984
04/05/2018 03:00,985
04/05/2018 06:00,986
04/05/2018 09:00,987
04/05/2018 12:00,988
04/05/2018 15:00,989
04/05/2018 18:00,990
04/05/2018 21:00,991
05/05/2018 00:00,992
05/05/2018 03:00,993
05/05/2018 06:00,994
05/05/2018 09:00,995
05/05/2018 12:00,996
05/05/2018 15:00,997
05/05/2018 18:00,998
05/05/2018 21:00,999
06/05/2018 00:00,1000
06/05/2018 03:00,1001
06/05/2018 06:00,1002
06/05/2018 09:00,1003
06/05/2018 12:00,1004
06/05/2018 15:00,1005
06/05/2018 18:00,1006
06/05/2018 21:00,1007
07/05/2018 00:00,1008
07/05/2018 03:00,1009
07/05/2018 06:00,1010
07/05/2018 09:00,1011
07/05/2018 12:00,1012
07/05/2018 15:00,1013
07/05/2018 18:00,1014
07/05/2018 21:00,1015
08/05/2018 00:00,1016
08/05/2018 03:00,1017
08/05/2018 06:00,1018
08/05/2018 09:00,1019
08/05/2018 12:00,1020
08/05/2018 15:00,1021
08/05/2018 18:00,1022
08/05/2018 21:00,1023
09/05/2018 00:00,1024
09/05/2018 03:00,1025
09/05/2018 06:00,1026
09/05/2018 09:00,1027
09/05/2018 12:00,1028
09/05/2018 15:00,1029
09/05/2018 18:00,1030
09/05/2018 21:00,1031
10/05/2018 00:00,1032
10/05/2018 03:00,1033
10/05/2018 06:00,1034
10/05/2018 09:00,1035
10/05/2018 12:00,1036
10/05/2018 15:00,1037
10/05/2018 18:00,1038
10/05/2018 21:00,1039
11/05/2018 00:00,1040
11/05/2018 03:00,1041
11/05/2018 06:00,1042
11/05/2018 09:00,1043
11/05/2018 12:00,1044
11/05/2018 15:00,1045
11/05/2018 18:00,1046
11/05/2018 21:00,1047
12/05/2018 00:00,1048
12/05/2018 03:00,1049
12/05/2018 06:00,1050
12/05/2018 09:00,1051
12/05/2018 12:00,1052
12/05/2018 15:00,1053
12/05/2018 18:00,1054
12/05/2018 21:00,1055
13/05/2018 00:00,1056
13/05/2018 03:00,1057
13/05/2018 06:00,1058
13/05/2018 09:00,1059
13/05/2018 12:00,1060
13/05/2018 15:00,1061
13/05/2018 18:00,1062
13/05/2018 21:00,1063
14/05/2018 00:00,1064
14/05/2018 03:00,1065
14/05/2018 06:00,1066
14/05/2018 09:00,1067
14/05/2018 12:00,1068
14/05/2018 15:00,1069
14/05/2018 18:00,1070
14/05/2018 21:00,1071
15/05/2018 00:00,1072
15/05/2018 03:00,1073
15/05/2018 06:00,1074
15/05/2018 09:00,1075
15/05/2018 12:00,1076
15/05/2018 15:00,1077
15/05/2018 18:00,1078
15/05/2018 21:00,1079
16/05/2018 00:00,1080
16/05/2018 03:00,1081
16/05/2018 06:00,1082
16/05/2018 09:00,1083
16/05/2018 12:00,1084
16/05/2018 15:00,1085
16/05/2018 18:00,1086
16/05/2018 21:00,1087
17/05/2018 00:00,1088
17/05/2018 03:00,1089
17/05/2018 06:00,1090
17/05/2018 09:00,1091
17/05/2018 12:00,1092
17/05/2018 15:00,1093
17/05/2018 18:00,1094
17/05/2018 21:00,1095
18/05/2018 00:00,1096
18/05/2018 03:00,1097
18/05/2018 06:00,1098
18/05/2018 09:00,1099
18/05/2018 12:00,1100
18/05/2018 15:00,1101
18/05/2018 18:00,1102
18/05/2018 21:00,1103
19/05/2018 00:00,1104
19/05/2018 03:00,1105
19/05/2018 06:00,1106
19/05/2018 09:00,1107
19/05/2018 12:00,1108
19/05/2018 15:00,1109
19/05/2018 18:00,1110
19/05/2018 21:00,1111
20/05/2018 00:00,1112
20/05/2018 03:00,1113
20/05/2018 06:00,1114
20/05/2018 09:00,1115
20/05/2018 12:00,1116
20/05/2018 15:00,1117
20/05/2018 18:00,1118
20/05/2018 21:00,1119
21/05/2018 00:00,1120
21/05/2018 03:00,1121
21/05/2018 06:00,1122
21/05/2018 09:00,1123
21/05/2018 12:00,1124
21/05/2018 15:00,1125
21/05/2018 18:00,1126
21/05/2018 21:00,1127
22/05/2018 00:00,1128
22/05/2018 03:00,1129
22/05/2018 06:00,1130
22/05/2018 09:00,1131
22/05/2018 12:00,1132
22/05/2018 15:00,1133
22/05/2018 18:00,1134
22/05/2018 21:00,1135
23/05/2018 00:00,1136
23/05/2018 03:00,1137
23/05/2018 06:00,1138
23/05/2018 09:00,1139
23/05/2018 12:00,1140
23/05/2018 15:00,1141
23/05/2018 18:00,1142
23/05/2018 21:00,1143
24/05/2018 00:00,1144
24/05/2018 03:00,1145
24/05/2018 06:00,1146
24/05/2018 09:00,1147
24/05/2018 12:00,1148
24/05/2018 15:00,1149
24/05/2018 18:00,1150
24/05/2018 21:00,1151
25/05/2018 00:00,1152
25/05/2018 03:00,1153
25/05/2018 06:00,1154
25/05/2018 09:00,1155
25/05/2018 12:00,1156
25/05/2018 15:00,1157
25/05/2018 18:00,1158
25/05/2018 21:00,1159
26/05/2018 00:00,1160
26/05/2018 03:00,1161
26/05/2018 06:00,1162
26/05/2018 09:00,1163
26/05/2018 12:00,1164
26/05/2018 15:00,1165
26/05/2018 18:00,1166
26/05/2018 21:00,1167
27/05/2018 00:00,1168
27/05/2018 03:00,1169
27/05/2018 06:00,1170
27/05/2018 09:00,1171
27/05/2018 12:00,1172
27/05/2018 15:00,1173
27/05/2018 18:00,1174
27/05/2018 21:00,1175
28/05/2018 00:00,1176
28/05/2018 03:00,1177
28/05/2018 06:00,1178
28/05/2018 09:00,1179
28/05/2018 12:00,1180
28/05/2018 15:00,1181
28/05/2018 18:00,1182
28/05/2018 21:00,1183
29/05/2018 00:00,1184
29/05/2018 03:00,1185
29/05/2018 06:00,1186
29/05/2018 09:00,1187
29/05/2018 12:00,1188
29/05/2018 15:00,1189
29/05/2018 18:00,1190
29/05/2018 21:00,1191
30/05/2018 00:00,1192
30/05/2018 03:00,1193
30/05/2018 06:00,1194
30/05/2018 09:00,1195
30/05/2018 12:00,1196
30/05/2018 15:00,1197
30/05/2018 18:00,1198
30/05/2018 21:00,1199
31/05/2018 00:00,1200
31/05/2018 03:00,1201
31/05/2018 06:00,1202
31/05/2018 09:00,1203
31/05/2018 12:00,1204
31/05/2018 15:00,1205
31/05/2018 18:00,1206
31/05/2018 21:00,1207
01/06/2018 00:00,1208
01/06/2018 03:00,1209
01/06/2018 06:00,1210
01/06/2018 09:00,1211
01/06/2018 12:00,1212
01/06/2018 15:00,1213
01/06/2018 18:00,1214
01/06/2018 21:00,1215
02/06/2018 00:00,1216
02/06/2018 03:00,1217
02/06/2018 06:00,1218
02/06/2018 09:00,1219
02/06/2018 12:00,1220
02/06/2018 15:00,1221
02/06/2018 18:00,1222
02/06/2018 21:00,1223
03/06/2018 00:00,1224
03/06/2018 03:00,1225
03/06/2018 06:00,1226
03/06/2018 09:00,1227
03/06/2018 12:00,1228
03/06/2018 15:00,1229
03/06/2018 18:00,1230
03/06/2018 21:00,1231
04/06/2018 00:00,1232
04/06/2018 03:00,1233
04/06/2018 06:00,1234
04/06/2018 09:00,1235
04/06/2018 12:00,1236
04/06/2018 15:00,1237
04/06/2018 18:00,1238
04/06/2018 21:00,1239
05/06/2018 00:00,1240
05/06/2018 03:00,1241
05/06/2018 06:00,1242
05/06/2018 09:00,1243
05/06/2018 12:00,1244
05/06/2018 15:00,1245
05/06/2018 18:00,1246
05/06/2018 21:00,1247
06/06/2018 00:00,1248
06/06/2018 03:00,1249
06/06/2018 06:00,1250
06/06/2018 09:00,1251
06/06/2018 12:00,1252
06/06/2018 15:00,1253
06/06/2018 18:00,1254
06/06/2018 21:00,1255
07/06/2018 00:00,1256
07/06/2018 03:00,1257
07/06/2018 06:00,1258
07/06/2018 09:00,1259
07/06/2018 12:00,1260
07/06/2018 15:00,1261
07/06/2018 18:00,1262
07/06/2018 21:00,1263
08/06/2018 00:00,1264
08/06/2018 03:00,1265
08/06/2018 06:00,1266
08/06/2018 09:00,1267
08/06/2018 12:00,1268
08/06/2018 15:00,1269
08/06/2018 18:00,1270
08/06/2018 21:00,1271
09/06/2018 00:00,1272
09/06/2018 03:00,1273
09/06/2018 06:00,1274
09/06/2018 09:00,1275
09/06/2018 12:00,1276
09/06/2018 15:00,1277
09/06/2018 18:00,1278
09/06/2018 21:00,1279
10/06/2018 00:00,1280
10/06/2018 03:00,1281
10/06/2018 06:00,1282
10/06/2018 09:00,1283
10/06/2018 12:00,1284
10/06/2018 15:00,1285
10/06/2018 18:00,1286
10/06/2018 21:00,1287
11/06/2018 00:00,1288
11/06/2018 03:00,1289
11/06/2018 06:00,1290
11/06/2018 09:00,1291
11/06/2018 12:00,1292
11/06/2018 15:00,1293
11/06/2018 18:00,1294
11/06/2018 21:00,1295
12/06/2018 00:00,1296
12/06/2018 03:00,1297
12/06/2018 06:00,1298
12/06/2018 09:00,1299
12/06/2018 12:00,1300
12/06/2018 15:00,1301
12/06/2018 18:00,1302
12/06/2018 21:00,1303
13/06/2018 00:00,1304
13/06/2018 03:00,1305
13/06/2018 06:00,1306
13/06/2018 09:00,1307
13/06/2018 12:00,1308
13/06/2018 15:00,1309
13/06/2018 18:00,1310
13/06/2018 21:00,1311
14/06/2018 00:00,1312
14/06/2018 03:00,1313
14/06/2018 06:00,1314
14/06/2018 09:00,1315
14/06/2018 12:00,1316
14/06/2018 15:00,1317
14/06/2018 18:00,1318
14/06/2018 21:00,1319
15/06/2018 00:00,1320
15/06/2018 03:00,1321
15/06/2018 06:00,1322
15/06/2018 09:00,1323
15/06/2018 12:00,1324
15/06/2018 15:00,1325
15/06/2018 18:00,1326
15/06/2018 21:00,1327
16/06/2018 00:00,1328
16/06/2018 03:00,1329
16/06/2018 06:00,1330
16/06/2018 09:00,1331
16/06/2018 12:00,1332
16/06/2018 15:00,1333
16/06/2018 18:00,1334
16/06/2018 21:00,1335
17/06/2018 00:00,1336
17/06/2018 03:00,1337
17/06/2018 06:00,1338
17/06/2018 09:00,1339
17/06/2018 12:00,1340
17/06/2018 15:00,1341
17/06/2018 18:00,1342
17/06/2018 21:00,1343
18/06/2018 00:00,1344
18/06/2018 03:00,1345
18/06/2018 06:00,1346
18/06/2018 09:00,1347
18/06/2018 12:00,1348
18/06/2018 15:00,1349
18/06/2018 18:00,1350
18/06/2018 21:00,1351
19/06/2018 00:00,1352
19/06/2018 03:00,1353
19/06/2018 06:00,1354
19/06/2018 09:00,1355
19/06/2018 12:00,1356
19/06/2018 15:00,1357
19/06/2018 18:00,1358
19/06/2018 21:00,1359
20/06/2018 00:00,1360
20/06/2018 03:00,1361
20/06/2018 06:00,1362
20/06/2018 09:00,1363
20/06/2018 12:00,1364
20/06/2018 15:00,1365
20/06/2018 18:00,1366
20/06/2018 21:00,1367
21/06/2018 00:00,1368
21/06/2018 03:00,1369
21/06/2018 06:00,1370
21/06/2018 09:00,1371
21/06/2018 12:00,1372
21/06/2018 15:00,1373
21/06/2018 18:00,1374
21/06/2018 21:00,1375
22/06/2018 00:00,1376
22/06/2018 03:00,1377
22/06/2018 06:00,1378
22/06/2018 09:00,1379
22/06/2018 12:00,1380
22/06/2018 15:00,1381
22/06/2018 18:00,1382
22/06/2018 21:00,1383
23/06/2018 00:00,1384
23/06/2018 03:00,1385
23/06/2018 06:00,1386
23/06/2018 09:00,1387
23/06/2018 12:00,1388
23/06/2018 15:00,1389
23/06/2018 18:00,1390
23/06/2018 21:00,1391
24/06/2018 00:00,1392
24/06/2018 03:00,1393
24/06/2018 06:00,1394
24/06/2018 09:00,1395
24/06/2018 12:00,1396
24/06/2018 15:00,1397
24/06/2018 18:00,1398
24/06/2018 21:00,1399
25/06/2018 00:00,1400
25/06/2018 03:00,1401
25/06/2018 06:00,1402
25/06/2018 09:00,1403
25/06/2018 12:00,1404
25/06/2018 15:00,1405
25/06/2018 18:00,1406
25/06/2018 21:00,1407
26/06/2018 00:00,1408
26/06/2018 03:00,1409
26/06/2018 06:00,1410
26/06/2018 09:00,1411
26/06/2018 12:00,1412
26/06/2018 15:00,1413
26/06/2018 18:00,1414
26/06/2018 21:00,1415
27/06/2018 00:00,1416
27/06/2018 03:00,1417
27/06/2018 06:00,1418
27/06/2018 09:00,1419
27/06/2018 12:00,1420
27/06/2018 15:00,1421
27/06/2018 18:00,1422
27/06/2018 21:00,1423
28/06/2018 00:00,1424
28/06/2018 03:00,1425
28/06/2018 06:00,1426
28/06/2018 09:00,1427
28/06/2018 12:00,1428
28/06/2018 15:00,1429
28/06/2018 18:00,1430
28/06/2018 21:00,1431
29/06/2018 00:00,1432
29/06/2018 03:00,1433
29/06/2018 06:00,1434
29/06/2018 09:00,1435
29/06/2018 12:00,1436
29/06/2018 15:00,1437
29/06/2018 18:00,1438
29/06/2018 21:00,1439
30/06/2018 00:00,1440
30/06/2018 03:00,1441
30/06/2018 06:00,1442
30/06/2018 09:00,1443
30/06/2018 12:00,1444
30/06/2018 15:00,1445
30/06/2018 18:00,1446
30/06/2018 21:00,1447
01/07/2018 00:00,1448
01/07/2018 03:00,1449
01/07/2018 06:00,1450
01/07/2018 09:00,1451
01/07/2018 12:00,1452
01/07/2018 15:00,1453
01/07/2018 18:00,1454
01/07/2018 21:00,1455
02/07/2018 00:00,1456
02/07/2018 03:00,1457
02/07/2018 06:00,1458
02/07/2018 09:00,1459
02/07/2018 12:00,1460
02/07/2018 15:00,1461
02/07/2018 18:00,1462
02/07/2018 21:00,1463
03/07/2018 00:00,1464
03/07/2018 03:00,1465
03/07/2018 06:00,1466
03/07/2018 09:00,1467
03/07/2018 12:00,1468
03/07/2018 15:00,1469
03/07/2018 18:00,1470
03/07/2018 21:00,1471
04/07/2018 00:00,1472
04/07/2018 03:00,1473
04/07/2018 06:00,1474
04/07/2018 09:00,1475
04/07/2018 12:00,1476
04/07/2018 15:00,1477
04/07/2018 18:00,1478
04/07/2018 21:00,1479
05/07/2018 00:00,1480
05/07/2018 03:00,1481
05/07/2018 06:00,1482
05/07/2018 09:00,1483
05/07/2018 12:00,1484
05/07/2018 15:00,1485
05/07/2018 18:00,1486
05/07/2018 21:00,1487
06/07/2018 00:00,1488
06/07/2018 03:00,1489
06/07/2018 06:00,1490
06/07/2018 09:00,1491
06/07/2018 12:00,1492
06/07/2018 15:00,1493
06/07/2018 18:00,1494
06/07/2018 21:00,1495
07/07/2018 00:00,1496
07/07/2018 03:00,1497
07/07/2018 06:00,1498
07/07/2018 09:00,1499
07/07/2018 12:00,1500
07/07/2018 15:00,1501
07/07/2018 18:00,1502
07/07/2018 21:00,1503
08/07/2018 00:00,1504
08/07/2018 03:00,1505
08/07/2018 06:00,1506
08/07/2018 09:00,1507
08/07/2018 12:00,1508
08/07/2018 15:00,1509
08/07/2018 18:00,1510
08/07/2018 21:00,1511
09/07/2018 00:00,1512
09/07/2018 03:00,1513
09/07/2018 06:00,1514
09/07/2018 09:00,1515
09/07/2018 12:00,1516
09/07/2018 15:00,1517
09/07/2018 18:00,1518
09/07/2018 21:00,1519
10/07/2018 00:00,1520
10/07/2018 03:00,1521
10/07/2018 06:00,1522
10/07/2018 09:00,1523
10/07/2018 12:00,1524
10/07/2018 15:00,1525
10/07/2018 18:00,1526
10/07/2018 21:00,1527
11/07/2018 00:00,1528
11/07/2018 03:00,1529
11/07/2018 06:00,1530
11/07/2018 09:00,1531
11/07/2018 12:00,1532
11/07/2018 15:00,1533
11/07/2018 18:00,1534
11/07/2018 21:00,1535
12/07/2018 00:00,1536
12/07/2018 03:00,1537
12/07/2018 06:00,1538
12/07/2018 09:00,1539
12/07/2018 12:00,1540
12/07/2018 15:00,1541
12/07/2018 18:00,1542
12/07/2018 21:00,1543
13/07/2018 00:00,1544
13/07/2018 03:00,1545
13/07/2018 06:00,1546
13/07/2018 09:00,1547
13/07/2018 12:00,1548
13/07/2018 15:00,1549
13/07/2018 18:00,1550
13/07/2018 21:00,1551
14/07/2018 00:00,1552
14/07/2018 03:00,1553
14/07/2018 06:00,1554
14/07/2018 09:00,1555
14/07/2018 12:00,1556
14/07/2018 15:00,1557
14/07/2018 18:00,1558
14/07/2018 21:00,1559
15/07/2018 00:00,1560
15/07/2018 03:00,1561
15/07/2018 06:00,1562
15/07/2018 09:00,1563
15/07/2018 12:00,1564
15/07/2018 15:00,1565
15/07/2018 18:00,1566
15/07/2018 21:00,1567
16/07/2018 00:00,1568
16/07/2018 03:00,1569
16/07/2018 06:00,1570
16/07/2018 09:00,1571
16/07/2018 12:00,1572
16/07/2018 15:00,1573
16/07/2018 18:00,1574
16/07/2018 21:00,1575
17/07/2018 00:00,1576
17/07/2018 03:00,1577
17/07/2018 06:00,1578
17/07/2018 09:00,1579
17/07/2018 12:00,1580
17/07/2018 15:00,1581
17/07/2018 18:00,1582
17/07/2018 21:00,1583
18/07/2018 00:00,1584
18/07/2018 03:00,1585
18/07/2018 06:00,1586
18/07/2018 09:00,1587
18/07/2018 12:00,1588
18/07/2018 15:00,1589
18/07/2018 18:00,1590
18/07/2018 21:00,1591
19/07/2018 00:00,1592
19/07/2018 03:00,1593
19/07/2018 06:00,1594
19/07/2018 09:00,1595
19/07/2018 12:00,1596
19/07/2018 15:00,1597
19/07/2018 18:00,1598
19/07/2018 21:00,1599
20/07/2018 00:00,1600
20/07/2018 03:00,1601
20/07/2018 06:00,1602
20/07/2018 09:00,1603
20/07/2018 12:00,1604
20/07/2018 15:00,1605
20/07/2018 18:00,1606
20/07/2018 21:00,1607
21/07/2018 00:00,1608
21/07/2018 03:00,1609
21/07/2018 06:00,1610
21/07/2018 09:00,1611
21/07/2018 12:00,1612
21/07/2018 15:00,1613
21/07/2018 18:00,1614
21/07/2018 21:00,1615
22/07/2018 00:00,1616
22/07/2018 03:00,1617
22/07/2018 06:00,1618
22/07/2018 09:00,1619
22/07/2018 12:00,1620
22/07/2018 15:00,1621
22/07/2018 18:00,1622
22/07/2018 21:00,1623
23/07/2018 00:00,1624
23/07/2018 03:00,1625
23/07/2018 06:00,1626
23/07/2018 09:00,1627
23/07/2018 12:00,1628
23/07/2018 15:00,1629
23/07/2018 18:00,1630
23/07/2018 21:00,1631
24/07/2018 00:00,1632
24/07/2018 03:00,1633
24/07/2018 06:00,1634
24/07/2018 09:00,1635
24/07/2018 12:00,1636
24/07/2018 15:00,1637
24/07/2018 18:00,1638
24/07/2018 21:00,1639
25/07/2018 00:00,1640
25/07/2018 03:00,1641
25/07/2018 06:00,1642
25/07/2018 09:00,1643
25/07/2018 12:00,1644
25/07/2018 15:00,1645
25/07/2018 18:00,1646
25/07/2018 21:00,1647
26/07/2018 00:00,1648
26/07/2018 03:00,1649
26/07/2018 06:00,1650
26/07/2018 09:00,1651
26/07/2018 12:00,1652
26/07/2018 15:00,1653
26/07/2018 18:00,1654
26/07/2018 21:00,1655
27/07/2018 00:00,1656
27/07/2018 03:00,1657
27/07/2018 06:00,1658
27/07/2018 09:00,1659
27/07/2018 12:00,1660
27/07/2018 15:00,1661
27/07/2018 18:00,1662
27/07/2018 21:00,1663
28/07/2018 00:00,1664
28/07/2018 03:00,1665
28/07/2018 06:00,1666
28/07/2018 09:00,1667
28/07/2018 12:00,1668
28/07/2018 15:00,1669
28/07/2018 18:00,1670
28/07/2018 21:00,1671
29/07/2018 00:00,1672
29/07/2018 03:00,1673
29/07/2018 06:00,1674
29/07/2018 09:00,1675
29/07/2018 12:00,1676
29/07/2018 15:00,1677
29/07/2018 18:00,1678
29/07/2018 21:00,1679
30/07/2018 00:00,1680
30/07/2018 03:00,1681
30/07/2018 06:00,1682
30/07/2018 09:00,1683
30/07/2018 12:00,1684
30/07/2018 15:00,1685
30/07/2018 18:00,1686
30/07/2018 21:00,1687
31/07/2018 00:00,1688
31/07/2018 03:00,1689
31/07/2018 06:00,1690
31/07/2018 09:00,1691
31/07/2018 12:00,1692
31/07/2018 15:00,1693
31/07/2018 18:00,1694
31/07/2018 21:00,1695
01/08/2018 00:00,1696
01/08/2018 03:00,1697
01/08/2018 06:00,1698
01/08/2018 09:00,1699
01/08/2018 12:00,1700
01/08/2018 15:00,1701
01/08/2018 18:00,1702
01/08/2018 21:00,1703
02/08/2018 00:00,1704
02/08/2018 03:00,1705
02/08/2018 06:00,1706
02/08/2018 09:00,1707
02/08/2018 12:00,1708
02/08/2018 15:00,1709
02/08/2018 18:00,1710
02/08/2018 21:00,1711
03/08/2018 00:00,1712
03/08/2018 03:00,1713
03/08/2018 06:00,1714
03/08/2018 09:00,1715
03/08/2018 12:00,1716
03/08/2018 15:00,1717
03/08/2018 18:00,1718
03/08/2018 21:00,1719
04/08/2018 00:00,1720
04/08/2018 03:00,1721
04/08/2018 06:00,1722
04/08/2018 09:00,1723
04/08/2018 12:00,1724
04/08/2018 15:00,1725
04/08/2018 18:00,1726
04/08/2018 21:00,1727
05/08/2018 00:00,1728
05/08/2018 03:00,1729
05/08/2018 06:00,1730
05/08/2018 09:00,1731
05/08/2018 12:00,1732
05/08/2018 15:00,1733
05/08/2018 18:00,1734
05/08/2018 21:00,1735
06/08/2018 00:00,1736
06/08/2018 03:00,1737
06/08/2018 06:00,1738
06/08/2018 09:00,1739
06/08/2018 12:00,1740
06/08/2018 15:00,1741
06/08/2018 18:00,1742
06/08/2018 21:00,1743
07/08/2018 00:00,1744
07/08/2018 03:00,1745
07/08/2018 06:00,1746
07/08/2018 09:00,1747
07/08/2018 12:00,1748
07/08/2018 15:00,1749
07/08/2018 18:00,1750
07/08/2018 21:00,1751
08/08/2018 00:00,1752
08/08/2018 03:00,1753
08/08/2018 06:00,1754
08/08/2018 09:00,1755
08/08/2018 12:00,1756
08/08/2018 15:00,1757
08/08/2018 18:00,1758
08/08/2018 21:00,1759
09/08/2018 00:00,1760
09/08/2018 03:00,1761
09/08/2018 06:00,1762
09/08/2018 09:00,1763
09/08/2018 12:00,1764
09/08/2018 15:00,1765
09/08/2018 18:00,1766
09/08/2018 21:00,1767
10/08/2018 00:00,1768
10/08/2018 03:00,1769
10/08/2018 06:00,1770
10/08/2018 09:00,1771
10/08/2018 12:00,1772
10/08/2018 15:00,1773
10/08/2018 18:00,1774
10/08/2018 21:00,1775
11/08/2018 00:00,1776
11/08/2018 03:00,1777
11/08/2018 06:00,1778
11/08/2018 09:00,1779
11/08/2018 12:00,1780
11/08/2018 15:00,1781
11/08/2018 18:00,1782
11/08/2018 21:00,1783
12/08/2018 00:00,1784
12/08/2018 03:00,1785
12/08/2018 06:00,1786
12/08/2018 09:00,1787
12/08/2018 12:00,1788
12/08/2018 15:00,1789
12/08/2018 18:00,1790
12/08/2018 21:00,1791
13/08/2018 00:00,1792
13/08/2018 03:00,1793
13/08/2018 06:00,1794
13/08/2018 09:00,1795
13/08/2018 12:00,1796
13/08/2018 15:00,1797
13/08/2018 18:00,1798
13/08/2018 21:00,1799
14/08/2018 00:00,1800
14/08/2018 03:00,1801
14/08/2018 06:00,1802
14/08/2018 09:00,1803
14/08/2018 12:00,1804
14/08/2018 15:00,1805
14/08/2018 18:00,1806
14/08/2018 21:00,1807
15/08/2018 00:00,1808
15/08/2018 03:00,1809
15/08/2018 06:00,1810
15/08/2018 09:00,1811
15/08/2018 12:00,1812
15/08/2018 15:00,1813
15/08/2018 18:00,1814
15/08/2018 21:00,1815
16/08/2018 00:00,1816
16/08/2018 03:00,1817
16/08/2018 06:00,1818
16/08/2018 09:00,1819
16/08/2018 12:00,1820
16/08/2018 15:00,1821
16/08/2018 18:00,1822
16/08/2018 21:00,1823
17/08/2018 00:00,1824
17/08/2018 03:00,1825
17/08/2018 06:00,1826
17/08/2018 09:00,1827
17/08/2018 12:00,1828
17/08/2018 15:00,1829
17/08/2018 18:00,1830
17/08/2018 21:00,1831
18/08/2018 00:00,1832
18/08/2018 03:00,1833
18/08/2018 06:00,1834
18/08/2018 09:00,1835
18/08/2018 12:00,1836
18/08/2018 15:00,1837
18/08/2018 18:00,1838
18/08/2018 21:00,1839
19/08/2018 00:00,1840
19/08/2018 03:00,1841
19/08/2018 06:00,1842
19/08/2018 09:00,1843
19/08/2018 12:00,1844
19/08/2018 15:00,1845
19/08/2018 18:00,1846
19/08/2018 21:00,1847
20/08/2018 00:00,1848
20/08/2018 03:00,1849
20/08/2018 06:00,1850
20/08/2018 09:00,1851
20/08/2018 12:00,1852
20/08/2018 15:00,1853
20/08/2018 18:00,1854
20/08/2018 21:00,1855
21/08/2018 00:00,1856
21/08/2018 03:00,1857
21/08/2018 06:00,1858
21/08/2018 09:00,1859
21/08/2018 12:00,1860
21/08/2018 15:00,1861
21/08/2018 18:00,1862
21/08/2018 21:00,1863
22/08/2018 00:00,1864
22/08/2018 03:00,1865
22/08/2018 06:00,1866
22/08/2018 09:00,1867
22/08/2018 12:00,1868
22/08/2018 15:00,1869
22/08/2018 18:00,1870
22/08/2018 21:00,1871
23/08/2018 00:00,1872
23/08/2018 03:00,1873
23/08/2018 06:00,1874
23/08/2018 09:00,1875
23/08/2018 12:00,1876
23/08/2018 15:00,1877
23/08/2018 18:00,1878
23/08/2018 21:00,1879
24/08/2018 00:00,1880
24/08/2018 03:00,1881
24/08/2018 06:00,1882
24/08/2018 09:00,1883
24/08/2018 12:00,1884
24/08/2018 15:00,1885
24/08/2018 18:00,1886
24/08/2018 21:00,1887
25/08/2018 00:00,1888
25/08/2018 03:00,1889
25/08/2018 06:00,1890
25/08/2018 09:00,1891
25/08/2018 12:00,1892
25/08/2018 15:00,1893
25/08/2018 18:00,1894
25/08/2018 21:00,1895
26/08/2018 00:00,1896
26/08/2018 03:00,1897
26/08/2018 06:00,1898
26/08/2018 09:00,1899
26/08/2018 12:00,1900
26/08/2018 15:00,1901
26/08/2018 18:00,1902
26/08/2018 21:00,1903
27/08/2018 00:00,1904
27/08/2018 03:00,1905
27/08/2018 06:00,1906
27/08/2018 09:00,1907
27/08/2018 12:00,1908
27/08/2018 15:00,1909
27/08/2018 18:00,1910
27/08/2018 21:00,1911
28/08/2018 00:00,1912
28/08/2018 03:00,1913
28/08/2018 06:00,1914
28/08/2018 09:00,1915
28/08/2018 12:00,1916
28/08/2018 15:00,1917
28/08/2018 18:00,1918
28/08/2018 21:00,1919
29/08/2018 00:00,1920
29/08/2018 03:00,1921
29/08/2018 06:00,1922
29/08/2018 09:00,1923
29/08/2018 12:00,1924
29/08/2018 15:00,1925
29/08/2018 18:00,1926
29/08/2018 21:00,1927
30/08/2018 00:00,1928
30/08/2018 03:00,1929
30/08/2018 06:00,1930
30/08/2018 09:00,1931
30/08/2018 12:00,1932
30/08/2018 15:00,1933
30/08/2018 18:00,1934
30/08/2018 21:00,1935
31/08/2018 00:00,1936
31/08/2018 03:00,1937
31/08/2018 06:00,1938
31/08/2018 09:00,1939
31/08/2018 12:00,1940
31/08/2018 15:00,1941
31/08/2018 18:00,1942
31/08/2018 21:00,1943
01/09/2018 00:00,1944
01/09/2018 03:00,1945
01/09/2018 06:00,1946
01/09/2018 09:00,1947
01/09/2018 12:00,1948
01/09/2018 15:00,1949
01/09/2018 18:00,1950
01/09/2018 21:00,1951
02/09/2018 00:00,1952
02/09/2018 03:00,1953
02/09/2018 06:00,1954
02/09/2018 09:00,1955
02/09/2018 12:00,1956
02/09/2018 15:00,1957
02/09/2018 18:00,1958
02/09/2018 21:00,1959
03/09/2018 00:00,1960
03/09/2018 03:00,1961
03/09/2018 06:00,1962
03/09/2018 09:00,1963
03/09/2018 12:00,1964
03/09/2018 15:00,1965
03/09/2018 18:00,1966
03/09/2018 21:00,1967
04/09/2018 00:00,1968
04/09/2018 03:00,1969
04/09/2018 06:00,1970
04/09/2018 09:00,1971
04/09/2018 12:00,1972
04/09/2018 15:00,1973
04/09/2018 18:00,1974
04/09/2018 21:00,1975
05/09/2018 00:00,1976
05/09/2018 03:00,1977
05/09/2018 06:00,1978
05/09/2018 09:00,1979
05/09/2018 12:00,1980
05/09/2018 15:00,1981
05/09/2018 18:00,1982
05/09/2018 21:00,1983
06/09/2018 00:00,1984
06/09/2018 03:00,1985
06/09/2018 06:00,1986
06/09/2018 09:00,1987
06/09/2018 12:00,1988
06/09/2018 15:00,1989
06/09/2018 18:00,1990
06/09/2018 21:00,1991
07/09/2018 00:00,1992
07/09/2018 03:00,1993
07/09/2018 06:00,1994
07/09/2018 09:00,1995
07/09/2018 12:00,1996
07/09/2018 15:00,1997
07/09/2018 18:00,1998
07/09/2018 21:00,1999
08/09/2018 00:00,2000
08/09/2018 03:00,2001
08/09/2018 06:00,2002
08/09/2018 09:00,2003
08/09/2018 12:00,2004
08/09/2018 15:00,2005
08/09/2018 18:00,2006
08/09/2018 21:00,2007
09/09/2018 00:00,2008
09/09/2018 03:00,2009
09/09/2018 06:00,2010
09/09/2018 09:00,2011
09/09/2018 12:00,2012
09/09/2018 15:00,2013
09/09/2018 18:00,2014
09/09/2018 21:00,2015
10/09/2018 00:00,2016
10/09/2018 03:00,2017
10/09/2018 06:00,2018
10/09/2018 09:00,2019
10/09/2018 12:00,2020
10/09/2018 15:00,2021
10/09/2018 18:00,2022
10/09/2018 21:00,2023
11/09/2018 00:00,2024
11/09/2018 03:00,2025
11/09/2018 06:00,2026
11/09/2018 09:00,2027
11/09/2018 12:00,2028
11/09/2018 15:00,2029
11/09/2018 18:00,2030
11/09/2018 21:00,2031
12/09/2018 00:00,2032
12/09/2018 03:00,2033
12/09/2018 06:00,2034
12/09/2018 09:00,2035
12/09/2018 12:00,2036
12/09/2018 15:00,2037
12/09/2018 18:00,2038
12/09/2018 21:00,2039
13/09/2018 00:00,2040
13/09/2018 03:00,2041
13/09/2018 06:00,2042
13/09/2018 09:00,2043
13/09/2018 12:00,2044
13/09/2018 15:00,2045
13/09/2018 18:00,2046
13/09/2018 21:00,2047
14/09/2018 00:00,2048
14/09/2018 03:00,2049
14/09/2018 06:00,2050
14/09/2018 09:00,2051
14/09/2018 12:00,2052
14/09/2018 15:00,2053
14/09/2018 18:00,2054
14/09/2018 21:00,2055
15/09/2018 00:00,2056
15/09/2018 03:00,2057
15/09/2018 06:00,2058
15/09/2018 09:00,2059
15/09/2018 12:00,2060
15/09/2018 15:00,2061
15/09/2018 18:00,2062
15/09/2018 21:00,2063
16/09/2018 00:00,2064
16/09/2018 03:00,2065
16/09/2018 06:00,2066
16/09/2018 09:00,2067
16/09/2018 12:00,2068
16/09/2018 15:00,2069
16/09/2018 18:00,2070
16/09/2018 21:00,2071
17/09/2018 00:00,2072
17/09/2018 03:00,2073
17/09/2018 06:00,2074
17/09/2018 09:00,2075
17/09/2018 12:00,2076
17/09/2018 15:00,2077
17/09/2018 18:00,2078
17/09/2018 21:00,2079
18/09/2018 00:00,2080
18/09/2018 03:00,2081
18/09/2018 06:00,2082
18/09/2018 09:00,2083
18/09/2018 12:00,2084
18/09/2018 15:00,2085
18/09/2018 18:00,2086
18/09/2018 21:00,2087
19/09/2018 00:00,2088
19/09/2018 03:00,2089
19/09/2018 06:00,2090
19/09/2018 09:00,2091
19/09/2018 12:00,2092
19/09/2018 15:00,2093
19/09/2018 18:00,2094
19/09/2018 21:00,2095
20/09/2018 00:00,2096
20/09/2018 03:00,2097
20/09/2018 06:00,2098
20/09/2018 09:00,2099
20/09/2018 12:00,2100
20/09/2018 15:00,2101
20/09/2018 18:00,2102
20/09/2018 21:00,2103
21/09/2018 00:00,2104
21/09/2018 03:00,2105
21/09/2018 06:00,2106
21/09/2018 09:00,2107
21/09/2018 12:00,2108
21/09/2018 15:00,2109
21/09/2018 18:00,2110
21/09/2018 21:00,2111
22/09/2018 00:00,2112
22/09/2018 03:00,2113
22/09/2018 06:00,2114
22/09/2018 09:00,2115
22/09/2018 12:00,2116
22/09/2018 15:00,2117
22/09/2018 18:00,2118
22/09/2018 21:00,2119
23/09/2018 00:00,2120
23/09/2018 03:00,2121
23/09/2018 06:00,2122
23/09/2018 09:00,2123
23/09/2018 12:00,2124
23/09/2018 15:00,2125
23/09/2018 18:00,2126
23/09/2018 21:00,2127
24/09/2018 00:00,2128
24/09/2018 03:00,2129
24/09/2018 06:00,2130
24/09/2018 09:00,2131
24/09/2018 12:00,2132
24/09/2018 15:00,2133
24/09/2018 18:00,2134
24/09/2018 21:00,2135
25/09/2018 00:00,2136
25/09/2018 03:00,2137
25/09/2018 06:00,2138
25/09/2018 09:00,2139
25/09/2018 12:00,2140
25/09/2018 15:00,2141
25/09/2018 18:00,2142
25/09/2018 21:00,2143
26/09/2018 00:00,2144
26/09/2018 03:00,2145
26/09/2018 06:00,2146
26/09/2018 09:00,2147
26/09/2018 12:00,2148
26/09/2018 15:00,2149
26/09/2018 18:00,2150
26/09/2018 21:00,2151
27/09/2018 00:00,2152
27/09/2018 03:00,2153
27/09/2018 06:00,2154
27/09/2018 09:00,2155
27/09/2018 12:00,2156
27/09/2018 15:00,2157
27/09/2018 18:00,2158
27/09/2018 21:00,2159
28/09/2018 00:00,2160
28/09/2018 03:00,2161
28/09/2018 06:00,2162
28/09/2018 09:00,2163
28/09/2018 12:00,2164
28/09/2018 15:00,2165
28/09/2018 18:00,2166
28/09/2018 21:00,2167
29/09/2018 00:00,2168
29/09/2018 03:00,2169
29/09/2018 06:00,2170
29/09/2018 09:00,2171
29/09/2018 12:00,2172
29/09/2018 15:00,2173
29/09/2018 18:00,2174
29/09/2018 21:00,2175
30/09/2018 00:00,2176
30/09/2018 03:00,2177
30/09/2018 06:00,2178
30/09/2018 09:00,2179
30/09/2018 12:00,2180
30/09/2018 15:00,2181
30/09/2018 18:00,2182
30/09/2018 21:00,2183
01/10/2018 00:00,2184
01/10/2018 03:00,2185
01/10/2018 06:00,2186
01/10/2018 09:00,2187
01/10/2018 12:00,2188
01/10/2018 15:00,2189
01/10/2018 18:00,2190
01/10/2018 21:00,2191
02/10/2018 00:00,2192
02/10/2018 03:00,2193
02/10/2018 06:00,2194
02/10/2018 09:00,2195
02/10/2018 12:00,2196
02/10/2018 15:00,2197
02/10/2018 18:00,2198
02/10/2018 21:00,2199
03/10/2018 00:00,2200
03/10/2018 03:00,2201
03/10/2018 06:00,2202
03/10/2018 09:00,2203
03/10/2018 12:00,2204
03/10/2018 15:00,2205
03/10/2018 18:00,2206
03/10/2018 21:00,2207
04/10/2018 00:00,2208
04/10/2018 03:00,2209
04/10/2018 06:00,2210
04/10/2018 09:00,2211
04/10/2018 12:00,2212
04/10/2018 15:00,2213
04/10/2018 18:00,2214
04/10/2018 21:00,2215
05/10/2018 00:00,2216
05/10/2018 03:00,2217
05/10/2018 06:00,2218
05/10/2018 09:00,2219
05/10/2018 12:00,2220
05/10/2018 15:00,2221
05/10/2018 18:00,2222
05/10/2018 21:00,2223
06/10/2018 00:00,2224
06/10/2018 03:00,2225
06/10/2018 06:00,2226
06/10/2018 09:00,2227
06/10/2018 12:00,2228
06/10/2018 15:00,2229
06/10/2018 18:00,2230
06/10/2018 21:00,2231
07/10/2018 00:00,2232
07/10/2018 03:00,2233
07/10/2018 06:00,2234
07/10/2018 09:00,2235
07/10/2018 12:00,2236
07/10/2018 15:00,2237
07/10/2018 18:00,2238
07/10/2018 21:00,2239
08/10/2018 00:00,2240
08/10/2018 03:00,2241
08/10/2018 06:00,2242
08/10/2018 09:00,2243
08/10/2018 12:00,2244
08/10/2018 15:00,2245
08/10/2018 18:00,2246
08/10/2018 21:00,2247
09/10/2018 00:00,2248
09/10/2018 03:00,2249
09/10/2018 06:00,2250
09/10/2018 09:00,2251
09/10/2018 12:00,2252
09/10/2018 15:00,2253
09/10/2018 18:00,2254
09/10/2018 21:00,2255
10/10/2018 00:00,2256
10/10/2018 03:00,2257
10/10/2018 06:00,2258
10/10/2018 09:00,2259
10/10/2018 12:00,2260
10/10/2018 15:00,2261
10/10/2018 18:00,2262
10/10/2018 21:00,2263
11/10/2018 00:00,2264
11/10/2018 03:00,2265
11/10/2018 06:00,2266
11/10/2018 09:00,2267
11/10/2018 12:00,2268
11/10/2018 15:00,2269
11/10/2018 18:00,2270
11/10/2018 21:00,2271
12/10/2018 00:00,2272
12/10/2018 03:00,2273
12/10/2018 06:00,2274
12/10/2018 09:00,2275
12/10/2018 12:00,2276
12/10/2018 15:00,2277
12/10/2018 18:00,2278
12/10/2018 21:00,2279
13/10/2018 00:00,2280
13/10/2018 03:00,2281
13/10/2018 06:00,2282
13/10/2018 09:00,2283
13/10/2018 12:00,2284
13/10/2018 15:00,2285
13/10/2018 18:00,2286
13/10/2018 21:00,2287
14/10/2018 00:00,2288
14/10/2018 03:00,2289
14/10/2018 06:00,2290
14/10/2018 09:00,2291
14/10/2018 12:00,2292
14/10/2018 15:00,2293
14/10/2018 18:00,2294
14/10/2018 21:00,2295
15/10/2018 00:00,2296
15/10/2018 03:00,2297
15/10/2018 06:00,2298
15/10/2018 09:00,2299
15/10/2018 12:00,2300
15/10/2018 15:00,2301
15/10/2018 18:00,2302
15/10/2018 21:00,2303
16/10/2018 00:00,2304
16/10/2018 03:00,2305
16/10/2018 06:00,2306
16/10/2018 09:00,2307
16/10/2018 12:00,2308
16/10/2018 15:00,2309
16/10/2018 18:00,2310
16/10/2018 21:00,2311
17/10/2018 00:00,2312
17/10/2018 03:00,2313
17/10/2018 06:00,2314
17/10/2018 09:00,2315
17/10/2018 12:00,2316
17/10/2018 15:00,2317
17/10/2018 18:00,2318
17/10/2018 21:00,2319
18/10/2018 00:00,2320
18/10/2018 03:00,2321
18/10/2018 06:00,2322
18/10/2018 09:00,2323
18/10/2018 12:00,2324
18/10/2018 15:00,2325
18/10/2018 18:00,2326
18/10/2018 21:00,2327
19/10/2018 00:00,2328
19/10/2018 03:00,2329
19/10/2018 06:00,2330
19/10/2018 09:00,2331
19/10/2018 12:00,2332
19/10/2018 15:00,2333
19/10/2018 18:00,2334
19/10/2018 21:00,2335
20/10/2018 00:00,2336
20/10/2018 03:00,2337
20/10/2018 06:00,2338
20/10/2018 09:00,2339
20/10/2018 12:00,2340
20/10/2018 15:00,2341
20/10/2018 18:00,2342
20/10/2018 21:00,2343
21/10/2018 00:00,2344
21/10/2018 03:00,2345
21/10/2018 06:00,2346
21/10/2018 09:00,2347
21/10/2018 12:00,2348
21/10/2018 15:00,2349
21/10/2018 18:00,2350
21/10/2018 21:00,2351
22/10/2018 00:00,2352
22/10/2018 03:00,2353
22/10/2018 06:00,2354
22/10/2018 09:00,2355
22/10/2018 12:00,2356
22/10/2018 15:00,2357
22/10/2018 18:00,2358
22/10/2018 21:00,2359
23/10/2018 00:00,2360
23/10/2018 03:00,2361
23/10/2018 06:00,2362
23/10/2018 09:00,2363
23/10/2018 12:00,2364
23/10/2018 15:00,2365
23/10/2018 18:00,2366
23/10/2018 21:00,2367
24/10/2018 00:00,2368
24/10/2018 03:00,2369
24/10/2018 06:00,2370
24/10/2018 09:00,2371
24/10/2018 12:00,2372
24/10/2018 15:00,2373
24/10/2018 18:00,2374
24/10/2018 21:00,2375
25/10/2018 00:00,2376
25/10/2018 03:00,2377
25/10/2018 06:00,2378
25/10/2018 09:00,2379
25/10/2018 12:00,2380
25/10/2018 15:00,2381
25/10/2018 18:00,2382
25/10/2018 21:00,2383
26/10/2018 00:00,2384
26/10/2018 03:00,2385
26/10/2018 06:00,2386
26/10/2018 09:00,2387
26/10/2018 12:00,2388
26/10/2018 15:00,2389
26/10/2018 18:00,2390
26/10/2018 21:00,2391
27/10/2018 00:00,2392
27/10/2018 03:00,2393
27/10/2018 06:00,2394
27/10/2018 09:00,2395
27/10/2018 12:00,2396
27/10/2018 15:00,2397
27/10/2018 18:00,2398
27/10/2018 21:00,2399
28/10/2018 00:00,2400
28/10/2018 03:00,2401
28/10/2018 06:00,2402
28/10/2018 09:00,2403
28/10/2018 12:00,2404
28/10/2018 15:00,2405
28/10/2018 18:00,2406
28/10/2018 21:00,2407
29/10/2018 00:00,2408
29/10/2018 03:00,2409
29/10/2018 06:00,2410
29/10/2018 09:00,2411
29/10/2018 12:00,2412
29/10/2018 15:00,2413
29/10/2018 18:00,2414
29/10/2018 21:00,2415
30/10/2018 00:00,2416
30/10/2018 03:00,2417
30/10/2018 06:00,2418
30/10/2018 09:00,2419
30/10/2018 12:00,2420
30/10/2018 15:00,2421
30/10/2018 18:00,2422
30/10/2018 21:00,2423
31/10/2018 00:00,2424
31/10/2018 03:00,2425
31/10/2018 06:00,2426
31/10/2018 09:00,2427
31/10/2018 12:00,2428
31/10/2018 15:00,2429
31/10/2018 18:00,2430
31/10/2018 21:00,2431
01/11/2018 00:00,2432
01/11/2018 03:00,2433
01/11/2018 06:00,2434
01/11/2018 09:00,2435
01/11/2018 12:00,2436
01/11/2018 15:00,2437
01/11/2018 18:00,2438
01/11/2018 21:00,2439
02/11/2018 00:00,2440
02/11/2018 03:00,2441
02/11/2018 06:00,2442
02/11/2018 09:00,2443
02/11/2018 12:00,2444
02/11/2018 15:00,2445
02/11/2018 18:00,2446
02/11/2018 21:00,2447
03/11/2018 00:00,2448
03/11/2018 03:00,2449
03/11/2018 06:00,2450
03/11/2018 09:00,2451
03/11/2018 12:00,2452
03/11/2018 15:00,2453
03/11/2018 18:00,2454
03/11/2018 21:00,2455
04/11/2018 00:00,2456
04/11/2018 03:00,2457
04/11/2018 06:00,2458
04/11/2018 09:00,2459
04/11/2018 12:00,2460
04/11/2018 15:00,2461
04/11/2018 18:00,2462
04/11/2018 21:00,2463
05/11/2018 00:00,2464
05/11/2018 03:00,2465
05/11/2018 06:00,2466
05/11/2018 09:00,2467
05/11/2018 12:00,2468
05/11/2018 15:00,2469
05/11/2018 18:00,2470
05/11/2018 21:00,2471
06/11/2018 00:00,2472
06/11/2018 03:00,2473
06/11/2018 06:00,2474
06/11/2018 09:00,2475
06/11/2018 12:00,2476
06/11/2018 15:00,2477
06/11/2018 18:00,2478
06/11/2018 21:00,2479
07/11/2018 00:00,2480
07/11/2018 03:00,2481
07/11/2018 06:00,2482
07/11/2018 09:00,2483
07/11/2018 12:00,2484
07/11/2018 15:00,2485
07/11/2018 18:00,2486
07/11/2018 21:00,2487
08/11/2018 00:00,2488
08/11/2018 03:00,2489
08/11/2018 06:00,2490
08/11/2018 09:00,2491
08/11/2018 12:00,2492
08/11/2018 15:00,2493
08/11/2018 18:00,2494
08/11/2018 21:00,2495
09/11/2018 00:00,2496
09/11/2018 03:00,2497
09/11/2018 06:00,2498
09/11/2018 09:00,2499
09/11/2018 12:00,2500
09/11/2018 15:00,2501
09/11/2018 18:00,2502
09/11/2018 21:00,2503
10/11/2018 00:00,2504
10/11/2018 03:00,2505
10/11/2018 06:00,2506
10/11/2018 09:00,2507
10/11/2018 12:00,2508
10/11/2018 15:00,2509
10/11/2018 18:00,2510
10/11/2018 21:00,2511
11/11/2018 00:00,2512
11/11/2018 03:00,2513
11/11/2018 06:00,2514
11/11/2018 09:00,2515
11/11/2018 12:00,2516
11/11/2018 15:00,2517
11/11/2018 18:00,2518
11/11/2018 21:00,2519
12/11/2018 00:00,2520
12/11/2018 03:00,2521
12/11/2018 06:00,2522
12/11/2018 09:00,2523
12/11/2018 12:00,2524
12/11/2018 15:00,2525
12/11/2018 18:00,2526
12/11/2018 21:00,2527
13/11/2018 00:00,2528
13/11/2018 03:00,2529
13/11/2018 06:00,2530
13/11/2018 09:00,2531
13/11/2018 12:00,2532
13/11/2018 15:00,2533
13/11/2018 18:00,2534
13/11/2018 21:00,2535
14/11/2018 00:00,2536
14/11/2018 03:00,2537
14/11/2018 06:00,2538
14/11/2018 09:00,2539
14/11/2018 12:00,2540
14/11/2018 15:00,2541
14/11/2018 18:00,2542
14/11/2018 21:00,2543
15/11/2018 00:00,2544
15/11/2018 03:00,2545
15/11/2018 06:00,2546
15/11/2018 09:00,2547
15/11/2018 12:00,2548
15/11/2018 15:00,2549
15/11/2018 18:00,2550
15/11/2018 21:00,2551
16/11/2018 00:00,2552
16/11/2018 03:00,2553
16/11/2018 06:00,2554
16/11/2018 09:00,2555
16/11/2018 12:00,2556
16/11/2018 15:00,2557
16/11/2018 18:00,2558
16/11/2018 21:00,2559
17/11/2018 00:00,2560
17/11/2018 03:00,2561
17/11/2018 06:00,2562
17/11/2018 09:00,2563
17/11/2018 12:00,2564
17/11/2018 15:00,2565
17/11/2018 18:00,2566
17/11/2018 21:00,2567
18/11/2018 00:00,2568
18/11/2018 03:00,2569
18/11/2018 06:00,2570
18/11/2018 09:00,2571
18/11/2018 12:00,2572
18/11/2018 15:00,2573
18/11/2018 18:00,2574
18/11/2018 21:00,2575
19/11/2018 00:00,2576
19/11/2018 03:00,2577
19/11/2018 06:00,2578
19/11/2018 09:00,2579
19/11/2018 12:00,2580
19/11/2018 15:00,2581
19/11/2018 18:00,2582
19/11/2018 21:00,2583
20/11/2018 00:00,2584
20/11/2018 03:00,2585
20/11/2018 06:00,2586
20/11/2018 09:00,2587
20/11/2018 12:00,2588
20/11/2018 15:00,2589
20/11/2018 18:00,2590
20/11/2018 21:00,2591
21/11/2018 00:00,2592
21/11/2018 03:00,2593
21/11/2018 06:00,2594
21/11/2018 09:00,2595
21/11/2018 12:00,2596
21/11/2018 15:00,2597
21/11/2018 18:00,2598
21/11/2018 21:00,2599
22/11/2018 00:00,2600
22/11/2018 03:00,2601
22/11/2018 06:00,2602
22/11/2018 09:00,2603
22/11/2018 12:00,2604
22/11/2018 15:00,2605
22/11/2018 18:00,2606
22/11/2018 21:00,2607
23/11/2018 00:00,2608
23/11/2018 03:00,2609
23/11/2018 06:00,2610
23/11/2018 09:00,2611
23/11/2018 12:00,2612
23/11/2018 15:00,2613
23/11/2018 18:00,2614
23/11/2018 21:00,2615
24/11/2018 00:00,2616
24/11/2018 03:00,2617
24/11/2018 06:00,2618
24/11/2018 09:00,2619
24/11/2018 12:00,2620
24/11/2018 15:00,2621
24/11/2018 18:00,2622
24/11/2018 21:00,2623
25/11/2018 00:00,2624
25/11/2018 03:00,2625
25/11/2018 06:00,2626
25/11/2018 09:00,2627
25/11/2018 12:00,2628
25/11/2018 15:00,2629
25/11/2018 18:00,2630
25/11/2018 21:00,2631
26/11/2018 00:00,2632
26/11/2018 03:00,2633
26/11/2018 06:00,2634
26/11/2018 09:00,2635
26/11/2018 12:00,2636
26/11/2018 15:00,2637
26/11/2018 18:00,2638
26/11/2018 21:00,2639
27/11/2018 00:00,2640
27/11/2018 03:00,2641
27/11/2018 06:00,2642
27/11/2018 09:00,2643
27/11/2018 12:00,2644
27/11/2018 15:00,2645
27/11/2018 18:00,2646
27/11/2018 21:00,2647
28/11/2018 00:00,2648
28/11/2018 03:00,2649
28/11/2018 06:00,2650
28/11/2018 09:00,2651
28/11/2018 12:00,2652
28/11/2018 15:00,2653
28/11/2018 18:00,2654
28/11/2018 21:00,2655
29/11/2018 00:00,2656
29/11/2018 03:00,2657
29/11/2018 06:00,2658
29/11/2018 09:00,2659
29/11/2018 12:00,2660
29/11/2018 15:00,2661
29/11/2018 18:00,2662
29/11/2018 21:00,2663
30/11/2018 00:00,2664
30/11/2018 03:00,2665
30/11/2018 06:00,2666
30/11/2018 09:00,2667
30/11/2018 12:00,2668
30/11/2018 15:00,2669
30/11/2018 18:00,2670
30/11/2018 21:00,2671
01/12/2018 00:00,2672
01/12/2018 03:00,2673
01/12/2018 06:00,2674
01/12/2018 09:00,2675
01/12/2018 12:00,2676
01/12/2018 15:00,2677
01/12/2018 18:00,2678
01/12/2018 21:00,2679
02/12/2018 00:00,2680
02/12/2018 03:00,2681
02/12/2018 06:00,2682
02/12/2018 09:00,2683
02/12/2018 12:00,2684
02/12/2018 15:00,2685
02/12/2018 18:00,2686
02/12/2018 21:00,2687
03/12/2018 00:00,2688
03/12/2018 03:00,2689
03/12/2018 06:00,2690
03/12/2018 09:00,2691
03/12/2018 12:00,2692
03/12/2018 15:00,2693
03/12/2018 18:00,2694
03/12/2018 21:00,2695
04/12/2018 00:00,2696
04/12/2018 03:00,2697
04/12/2018 06:00,2698
04/12/2018 09:00,2699
04/12/2018 12:00,2700
04/12/2018 15:00,2701
04/12/2018 18:00,2702
04/12/2018 21:00,2703
05/12/2018 00:00,2704
05/12/2018 03:00,2705
05/12/2018 06:00,2706
05/12/2018 09:00,2707
05/12/2018 12:00,2708
05/12/2018 15:00,2709
05/12/2018 18:00,2710
05/12/2018 21:00,2711
06/12/2018 00:00,2712
06/12/2018 03:00,2713
06/12/2018 06:00,2714
06/12/2018 09:00,2715
06/12/2018 12:00,2716
06/12/2018 15:00,2717
06/12/2018 18:00,2718
06/12/2018 21:00,2719
07/12/2018 00:00,2720
07/12/2018 03:00,2721
07/12/2018 06:00,2722
07/12/2018 09:00,2723
07/12/2018 12:00,2724
07/12/2018 15:00,2725
07/12/2018 18:00,2726
07/12/2018 21:00,2727
08/12/2018 00:00,2728
08/12/2018 03:00,2729
08/12/2018 06:00,2730
08/12/2018 09:00,2731
08/12/2018 12:00,2732
08/12/2018 15:00,2733
08/12/2018 18:00,2734
08/12/2018 21:00,2735
09/12/2018 00:00,2736
09/12/2018 03:00,2737
09/12/2018 06:00,2738
09/12/2018 09:00,2739
09/12/2018 12:00,2740
09/12/2018 15:00,2741
09/12/2018 18:00,2742
09/12/2018 21:00,2743
10/12/2018 00:00,2744
10/12/2018 03:00,2745
10/12/2018 06:00,2746
10/12/2018 09:00,2747
10/12/2018 12:00,2748
10/12/2018 15:00,2749
10/12/2018 18:00,2750
10/12/2018 21:00,2751
11/12/2018 00:00,2752
11/12/2018 03:00,2753
11/12/2018 06:00,2754
11/12/2018 09:00,2755
11/12/2018 12:00,2756
11/12/2018 15:00,2757
11/12/2018 18:00,2758
11/12/2018 21:00,2759
12/12/2018 00:00,2760
12/12/2018 03:00,2761
12/12/2018 06:00,2762
12/12/2018 09:00,2763
12/12/2018 12:00,2764
12/12/2018 15:00,2765
12/12/2018 18:00,2766
12/12/2018 21:00,2767
13/12/2018 00:00,2768
13/12/2018 03:00,2769
13/12/2018 06:00,2770
13/12/2018 09:00,2771
13/12/2018 12:00,2772
13/12/2018 15:00,2773
13/12/2018 18:00,2774
13/12/2018 21:00,2775
14/12/2018 00:00,2776
14/12/2018 03:00,2777
14/12/2018 06:00,2778
14/12/2018 09:00,2779
14/12/2018 12:00,2780
14/12/2018 15:00,2781
14/12/2018 18:00,2782
14/12/2018 21:00,2783
15/12/2018 00:00,2784
15/12/2018 03:00,2785
15/12/2018 06:00,2786
15/12/2018 09:00,2787
15/12/2018 12:00,2788
15/12/2018 15:00,2789
15/12/2018 18:00,2790
15/12/2018 21:00,2791
16/12/2018 00:00,2792
16/12/2018 03:00,2793
16/12/2018 06:00,2794
16/12/2018 09:00,2795
16/12/2018 12:00,2796
16/12/2018 15:00,2797
16/12/2018 18:00,2798
16/12/2018 21:00,2799
17/12/2018 00:00,2800
17/12/2018 03:00,2801
17/12/2018 06:00,2802
17/12/2018 09:00,2803
17/12/2018 12:00,2804
17/12/2018 15:00,2805
17/12/2018 18:00,2806
17/12/2018 21:00,2807
18/12/2018 00:00,2808
18/12/2018 03:00,2809
18/12/2018 06:00,2810
18/12/2018 09:00,2811
18/12/2018 12:00,2812
18/12/2018 15:00,2813
18/12/2018 18:00,2814
18/12/2018 21:00,2815
19/12/2018 00:00,2816
19/12/2018 03:00,2817
19/12/2018 06:00,2818
19/12/2018 09:00,2819
19/12/2018 12:00,2820
19/12/2018 15:00,2821
19/12/2018 18:00,2822
19/12/2018 21:00,2823
20/12/2018 00:00,2824
20/12/2018 03:00,2825
20/12/2018 06:00,2826
20/12/2018 09:00,2827
20/12/2018 12:00,2828
20/12/2018 15:00,2829
20/12/2018 18:00,2830
20/12/2018 21:00,2831
21/12/2018 00:00,2832
21/12/2018 03:00,2833
21/12/2018 06:00,2834
21/12/2018 09:00,2835
21/12/2018 12:00,2836
21/12/2018 15:00,2837
21/12/2018 18:00,2838
21/12/2018 21:00,2839
22/12/2018 00:00,2840
22/12/2018 03:00,2841
22/12/2018 06:00,2842
22/12/2018 09:00,2843
22/12/2018 12:00,2844
22/12/2018 15:00,2845
22/12/2018 18:00,2846
22/12/2018 21:00,2847
23/12/2018 00:00,2848
23/12/2018 03:00,2849
23/12/2018 06:00,2850
23/12/2018 09:00,2851
23/12/2018 12:00,2852
23/12/2018 15:00,2853
23/12/2018 18:00,2854
23/12/2018 21:00,2855
24/12/2018 00:00,2856
24/12/2018 03:00,2857
24/12/2018 06:00,2858
24/12/2018 09:00,2859
24/12/2018 12:00,2860
24/12/2018 15:00,2861
24/12/2018 18:00,2862
24/12/2018 21:00,2863
25/12/2018 00:00,2864
25/12/2018 03:00,2865
25/12/2018 06:00,2866
25/12/2018 09:00,2867
25/12/2018 12:00,2868
25/12/2018 15:00,2869
25/12/2018 18:00,2870
25/12/2018 21:00,2871
26/12/2018 00:00,2872
26/12/2018 03:00,2873
26/12/2018 06:00,2874
26/12/2018 09:00,2875
26/12/2018 12:00,2876
26/12/2018 15:00,2877
26/12/2018 18:00,2878
26/12/2018 21:00,2879
27/12/2018 00:00,2880
27/12/2018 03:00,2881
27/12/2018 06:00,2882
27/12/2018 09:00,2883
27/12/2018 12:00,2884
27/12/2018 15:00,2885
27/12/2018 18:00,2886
27/12/2018 21:00,2887
28/12/2018 00:00,2888
28/12/2018 03:00,2889
28/12/2018 06:00,2890
28/12/2018 09:00,2891
28/12/2018 12:00,2892
28/12/2018 15:00,2893
28/12/2018 18:00,2894
28/12/2018 21:00,2895
29/12/2018 00:00,2896
29/12/2018 03:00,2897
29/12/2018 06:00,2898
29/12/2018 09:00,2899
29/12/2018 12:00,2900
29/12/2018 15:00,2901
29/12/2018 18:00,2902
29/12/2018 21:00,2903
30/12/2018 00:00,2904
30/12/2018 03:00,2905
30/12/2018 06:00,2906
30/12/2018 09:00,2907
30/12/2018 12:00,2908
30/12/2018 15:00,2909
30/12/2018 18:00,2910
30/12/2018 21:00,2911
31/12/2018 00:00,2912
31/12/2018 03:00,2913
31/12/2018 06:00,2914
31/12/2018 09:00,2915
31/12/2018 12:00,2916
31/12/2018 15:00,2917
31/12/2018 18:00,2918
31/12/2018 21:00,2919
